Building Name,Distance from ITE
Public Policy,0.4628617568580269
Engineering,0.07711301683057233
Information Technology,0.0
Interdisciplinary Life S,0.2900327656061474
Sondheim Hall,0.1334672007593534
Meyerhoff Hall,0.1517558066332007
Sherman Hall,0.09803177987893084
Biological Sciences,0.20322101857538127
Mathematics & Psychology,0.15795215745977964
